Seller_ID,Metric_Year,Total_Orders,Returned_Orders,Refund_Requests,Refund_Amount,Refund_Rate,User_Reports_Count,Negative_Review_Count,Customer_Dispute_Count,Policy_Violation_Count,Fraud_Flag,Fraud_Review_Count,Escalation_Count,Chargeback_Count,Governance_Action_Status
1,2021,1639,93,72,4476.590000,0.043929,12,33,11,7,1,4,4,3,Suspended
1,2022,806,70,64,5048.020000,0.079404,18,26,10,6,1,6,6,4,Suspended
1,2023,398,20,15,518.560000,0.037688,10,10,4,4,0,1,2,0,Review Required
1,2024,80,2,2,92.540000,0.025000,1,1,1,1,0,0,1,0,Watchlist
1,2025,791,65,56,2300.100000,0.070796,12,21,11,7,1,5,4,2,Suspended
2,2021,2638,254,224,9826.340000,0.084913,26,83,21,11,1,4,5,8,Suspended
2,2022,1666,160,146,6387.330000,0.087635,30,46,14,15,0,4,7,3,Restricted
2,2023,713,68,64,2858.510000,0.089762,30,30,13,11,1,6,6,3,Suspended
2,2024,715,67,61,6166.170000,0.085315,16,21,9,8,0,2,4,4,Restricted
2,2025,690,35,30,2785.560000,0.043478,13,13,4,5,0,1,2,1,Review Required
3,2021,747,70,61,4657.600000,0.081660,20,25,14,12,1,7,6,2,Suspended
3,2022,1199,121,102,5475.160000,0.085071,29,39,17,16,1,5,8,8,Suspended
3,2023,547,49,39,3621.020000,0.071298,20,23,10,7,1,5,6,4,Suspended
3,2024,1520,154,141,12904.420000,0.092763,42,51,27,16,1,7,7,12,Suspended
3,2025,1322,129,119,6049.660000,0.090015,53,53,27,13,1,6,8,10,Suspended
4,2021,480,41,36,2011.280000,0.075000,19,19,9,8,1,6,6,5,Suspended
4,2022,923,74,63,6976.750000,0.068256,22,32,8,7,1,5,6,4,Suspended
4,2023,1603,147,121,13785.040000,0.075483,21,52,18,7,1,5,5,11,Suspended
4,2024,1520,82,65,6104.620000,0.042763,24,32,13,10,1,3,7,4,Suspended
4,2025,555,43,35,3451.030000,0.063063,16,16,9,7,1,5,6,2,Suspended
5,2021,80,9,7,570.730000,0.087500,13,13,4,5,1,4,3,2,Suspended
5,2022,2081,146,117,4049.360000,0.056223,25,52,14,14,0,4,5,6,Restricted
5,2023,631,50,47,3658.100000,0.074485,31,31,8,13,1,5,8,4,Suspended
5,2024,1146,96,92,6953.460000,0.080279,21,40,16,11,0,1,6,2,Restricted
5,2025,1176,112,99,6679.110000,0.084184,22,43,15,20,1,11,9,8,Suspended
6,2021,881,51,46,1423.510000,0.052213,14,24,7,9,0,3,4,3,Review Required
6,2022,1425,115,86,8076.260000,0.060351,24,42,16,9,1,5,7,4,Suspended
6,2023,1043,84,62,5478.440000,0.059444,16,30,10,6,1,5,5,5,Suspended
6,2024,142,3,3,68.150000,0.021127,4,5,1,3,0,0,1,0,Review Required
6,2025,860,66,55,4743.400000,0.063953,13,29,12,7,1,7,4,2,Suspended
7,2021,792,69,65,6991.260000,0.082071,30,30,13,12,1,5,7,3,Suspended
7,2022,307,25,21,2048.970000,0.068404,9,9,5,5,1,5,4,3,Suspended
7,2023,1308,126,100,4483.950000,0.076453,23,41,17,11,1,5,9,4,Suspended
7,2024,979,45,35,1568.860000,0.035751,9,19,6,7,0,3,3,2,Review Required
7,2025,1215,72,52,5371.710000,0.042798,17,35,7,7,1,5,5,5,Suspended
8,2021,575,47,38,2474.850000,0.066087,8,16,8,5,1,5,3,4,Suspended
8,2022,346,17,15,586.400000,0.043353,13,13,2,4,0,1,2,1,Restricted
8,2023,1504,117,94,9386.990000,0.062500,23,45,14,12,1,7,8,6,Suspended
8,2024,862,80,73,5984.420000,0.084687,26,29,10,11,1,5,6,2,Suspended
9,2021,892,47,38,3271.850000,0.042601,13,24,8,3,1,2,3,3,Restricted
9,2022,1418,134,120,10515.140000,0.084626,32,45,15,11,1,5,6,8,Suspended
9,2023,1304,116,91,4173.960000,0.069785,11,37,22,5,0,2,3,4,Restricted
9,2024,891,57,54,4553.020000,0.060606,14,25,10,7,0,2,2,1,Review Required
9,2025,1086,109,89,9879.520000,0.081952,31,35,12,15,1,7,8,8,Suspended
10,2021,1054,64,49,4827.250000,0.046490,19,23,8,9,0,3,3,4,Review Required
10,2022,1476,149,141,15099.720000,0.095528,31,46,16,11,1,6,9,10,Suspended
10,2023,733,48,40,1448.880000,0.054570,21,21,5,8,0,1,6,3,Review Required
10,2024,483,41,31,1964.530000,0.064182,20,20,9,11,1,7,6,1,Suspended
10,2025,1898,207,176,14201.850000,0.092729,41,69,22,15,1,5,8,9,Suspended
11,2022,965,55,42,2247.850000,0.043523,14,19,6,7,1,4,5,2,Suspended
11,2023,862,68,62,5774.280000,0.071926,18,22,10,5,0,2,3,4,Restricted
11,2024,1441,92,88,5349.040000,0.061069,35,40,13,15,0,4,5,5,Review Required
11,2025,316,20,16,1364.430000,0.050633,7,13,5,4,1,4,3,2,Restricted
12,2021,1863,169,126,5399.950000,0.067633,41,61,13,21,1,6,9,6,Suspended
12,2022,1012,48,42,2101.950000,0.041502,15,18,8,6,0,1,4,2,Review Required
12,2023,1164,113,103,6600.730000,0.088488,22,35,16,12,1,6,9,7,Suspended
12,2025,1045,92,71,6332.210000,0.067943,30,38,9,13,1,5,9,6,Suspended
13,2021,241,24,19,2150.920000,0.078838,15,16,7,6,0,1,4,1,Suspended
13,2022,333,24,19,1393.130000,0.057057,9,9,6,5,0,1,3,1,Restricted
13,2023,991,59,45,2492.590000,0.045409,19,28,8,11,1,2,6,1,Suspended
13,2024,676,71,67,5673.450000,0.099112,39,39,9,21,1,6,11,4,Suspended
13,2025,334,29,26,2191.790000,0.077844,18,18,4,8,1,5,5,3,Suspended
14,2021,551,35,26,1241.720000,0.047187,7,21,5,6,1,6,3,3,Suspended
14,2022,2394,202,164,13403.720000,0.068505,20,67,19,12,1,6,6,4,Suspended
14,2023,80,3,2,61.410000,0.025000,4,10,1,1,0,0,1,0,Watchlist
14,2024,421,19,15,1390.970000,0.035629,8,14,2,6,0,2,2,1,Review Required
14,2025,860,54,39,1950.970000,0.045349,23,23,6,11,0,3,5,2,Review Required
15,2021,623,36,32,1677.460000,0.051364,10,12,5,6,0,1,3,1,Review Required
15,2022,1095,78,63,3552.250000,0.057534,11,27,15,6,1,5,4,3,Suspended
15,2023,1671,108,80,4045.770000,0.047876,17,42,15,7,1,4,5,4,Suspended
15,2024,1910,194,146,9294.440000,0.076440,31,55,20,15,1,4,7,6,Suspended
15,2025,1724,185,159,13541.170000,0.092227,48,60,37,19,1,6,14,8,Suspended
16,2021,1028,94,84,8282.140000,0.081712,17,38,15,9,1,6,6,7,Suspended
16,2022,896,48,42,2247.920000,0.046875,14,16,10,7,0,2,2,2,Restricted
16,2023,1252,106,86,8302.680000,0.068690,23,38,13,7,1,5,5,4,Suspended
16,2024,1014,98,81,7626.470000,0.079882,23,33,18,8,0,2,5,2,Suspended
16,2025,1193,60,49,2091.340000,0.041073,18,27,5,8,0,2,3,3,Review Required
17,2021,1452,117,93,6754.890000,0.064050,13,47,17,7,1,4,5,8,Suspended
17,2022,521,29,22,875.030000,0.042226,13,13,5,6,1,3,4,3,Suspended
17,2023,1054,80,64,4545.450000,0.060721,11,31,7,6,1,6,4,5,Suspended
17,2024,1152,105,83,4842.930000,0.072049,24,32,14,12,0,3,6,3,Restricted
17,2025,927,76,73,3187.660000,0.078749,16,31,11,8,1,4,6,4,Suspended
18,2021,371,31,27,1292.320000,0.072776,12,12,5,5,1,4,4,3,Suspended
18,2022,773,30,29,2508.180000,0.037516,13,23,7,3,0,1,2,1,Review Required
18,2024,827,38,33,3090.150000,0.039903,10,19,5,9,0,3,4,2,Review Required
18,2025,514,35,30,1532.850000,0.058366,13,14,5,7,1,4,4,1,Suspended
19,2021,1266,68,63,4030.820000,0.049763,14,35,8,13,1,5,6,3,Suspended
19,2022,1829,192,152,14783.240000,0.083106,35,65,30,12,1,3,7,12,Suspended
19,2023,594,27,22,1856.190000,0.037037,12,14,6,6,0,2,3,0,Review Required
19,2024,2185,248,188,14317.930000,0.086041,52,80,20,15,1,5,10,7,Suspended
19,2025,133,11,10,898.370000,0.075188,11,11,3,5,1,5,4,1,Suspended
20,2021,1085,62,59,6174.170000,0.054378,14,22,13,5,0,2,4,1,Review Required
20,2022,1148,63,53,3965.900000,0.046167,10,24,10,3,0,1,1,4,Review Required
20,2023,2017,184,163,6824.460000,0.080813,21,60,35,6,1,5,5,11,Suspended
20,2024,1108,84,80,6114.360000,0.072202,18,36,10,5,0,1,3,3,Restricted
21,2021,1079,84,70,4551.340000,0.064875,24,34,11,9,1,5,5,6,Suspended
21,2022,1390,81,76,7396.430000,0.054676,29,39,15,13,0,3,4,4,Review Required
21,2023,1841,149,141,5393.520000,0.076589,26,45,30,11,0,1,5,7,Review Required
21,2024,1962,181,169,16802.500000,0.086137,27,58,26,12,1,7,7,13,Suspended
21,2025,469,42,35,1548.470000,0.074627,24,24,6,11,0,3,6,1,Restricted
22,2021,583,34,28,2889.840000,0.048027,17,17,5,13,0,4,3,2,Review Required
22,2022,1266,120,98,7969.790000,0.077409,46,46,15,13,1,5,11,8,Suspended
22,2023,844,37,31,2418.100000,0.036730,5,24,4,3,0,1,2,1,Review Required
22,2024,723,38,31,2303.170000,0.042877,12,18,4,7,1,4,4,3,Suspended
22,2025,1146,101,87,8968.330000,0.075916,17,33,18,6,1,3,4,4,Suspended
23,2021,1409,93,73,3251.120000,0.051810,26,42,13,18,0,6,7,4,Review Required
23,2022,940,77,61,3350.600000,0.064894,39,39,8,19,1,9,10,4,Suspended
23,2023,1064,69,53,4955.260000,0.049812,19,24,12,10,0,3,6,3,Review Required
23,2024,426,21,20,1925.980000,0.046948,15,15,4,5,1,2,3,1,Suspended
23,2025,2011,126,91,6980.180000,0.045251,39,51,20,18,0,4,6,3,Review Required
24,2021,1008,92,81,4003.800000,0.080357,23,33,19,10,1,5,6,7,Suspended
24,2022,812,50,48,1424.190000,0.059113,23,24,11,8,0,3,4,1,Review Required
24,2023,2408,147,137,8710.770000,0.056894,17,50,14,8,1,3,7,8,Suspended
24,2024,872,49,45,3543.490000,0.051606,15,18,5,8,0,2,2,3,Review Required
24,2025,807,46,40,2616.030000,0.049566,8,25,5,7,1,2,5,3,Suspended
25,2021,719,17,15,1297.830000,0.020862,6,13,3,3,0,1,2,0,Restricted
25,2022,791,49,43,1609.340000,0.054362,20,20,10,8,0,1,3,3,Review Required
25,2023,1222,73,70,5231.340000,0.057283,20,32,15,8,0,3,5,5,Review Required
25,2024,1583,109,96,7518.140000,0.060644,18,40,11,18,1,6,9,8,Suspended
25,2025,600,55,52,2176.150000,0.086667,8,20,9,4,1,4,3,3,Restricted
26,2021,1932,197,186,15383.700000,0.096273,21,58,31,11,1,5,5,7,Suspended
26,2022,957,94,75,4268.700000,0.078370,24,36,18,6,0,1,4,5,Restricted
26,2023,869,88,69,4960.010000,0.079402,26,27,10,13,1,4,7,3,Suspended
26,2024,892,91,66,3591.200000,0.073991,29,34,10,10,0,3,6,2,Restricted
26,2025,421,36,33,2777.030000,0.078385,10,13,9,6,1,6,4,4,Suspended
27,2021,124,6,4,345.090000,0.032258,3,3,2,2,0,0,1,0,Watchlist
27,2022,940,52,43,3524.780000,0.045745,16,23,5,6,0,2,3,1,Review Required
27,2023,799,83,65,6184.870000,0.081352,35,35,9,15,0,5,8,4,Review Required
27,2024,603,56,46,1951.270000,0.076285,18,23,7,8,1,5,6,5,Suspended
27,2025,1176,69,52,2680.590000,0.044218,30,33,7,13,0,2,6,2,Review Required
28,2021,1522,89,83,6172.720000,0.054534,21,31,18,7,0,2,4,3,Restricted
28,2022,1948,109,87,7299.460000,0.044661,24,42,16,7,0,1,4,4,Review Required
28,2023,1877,99,81,8193.500000,0.043154,18,33,10,8,1,4,5,4,Suspended
28,2025,578,44,38,1821.860000,0.065744,16,17,7,7,1,4,6,2,Suspended
29,2021,749,38,29,2425.220000,0.038718,8,21,6,4,0,1,2,1,Review Required
29,2022,1303,103,91,6390.060000,0.069839,23,41,16,9,0,3,5,5,Restricted
29,2023,817,58,43,1736.680000,0.052632,23,23,6,13,0,2,3,1,Review Required
29,2024,251,12,11,987.380000,0.043825,11,11,2,5,0,1,3,1,Restricted
29,2025,1451,84,77,4185.020000,0.053067,22,31,16,6,0,2,3,6,Restricted
30,2021,1092,82,78,4335.710000,0.071429,13,35,17,6,1,4,3,4,Suspended
30,2022,932,45,37,2056.920000,0.039700,12,24,8,12,1,6,4,3,Suspended
30,2023,164,9,8,817.460000,0.048780,10,10,2,5,1,3,4,2,Suspended
30,2024,208,10,8,722.600000,0.038462,17,17,2,6,0,2,3,0,Review Required
30,2025,873,47,39,1364.140000,0.044674,5,21,5,3,0,0,1,2,Restricted
31,2021,1296,81,59,2856.590000,0.045525,19,33,11,9,0,3,4,4,Restricted
31,2022,801,73,53,2653.880000,0.066167,16,29,12,6,1,6,5,4,Suspended
31,2023,1521,151,130,12820.560000,0.085470,21,49,30,7,1,3,7,8,Suspended
31,2024,725,45,34,1994.800000,0.046897,24,24,6,10,0,4,6,2,Review Required
32,2021,632,34,27,2169.050000,0.042722,9,18,7,4,0,1,2,2,Restricted
32,2022,772,70,52,3471.220000,0.067358,28,28,11,12,0,4,8,1,Restricted
32,2023,905,51,39,1913.910000,0.043094,14,24,8,7,0,1,3,3,Review Required
32,2024,1320,79,72,3602.380000,0.054545,19,34,11,11,0,2,3,5,Review Required
32,2025,1778,167,146,14092.190000,0.082115,20,55,30,11,1,4,5,7,Suspended
33,2021,1252,130,102,6870.320000,0.081470,50,50,13,17,1,9,11,6,Suspended
33,2022,773,44,32,2226.790000,0.041397,19,22,4,8,0,2,4,3,Review Required
33,2023,636,62,51,5563.370000,0.080189,18,24,13,8,1,6,5,5,Suspended
33,2024,663,29,21,1984.940000,0.031674,7,16,5,3,0,1,1,2,Review Required
33,2025,1025,101,96,9539.300000,0.093659,33,39,20,10,1,3,7,6,Suspended
34,2021,766,69,57,2230.790000,0.074413,14,26,12,6,1,4,4,4,Suspended
34,2022,1552,141,115,10346.560000,0.074098,27,49,14,11,0,3,5,8,Review Required
34,2024,1130,117,100,5153.660000,0.088496,20,41,18,17,1,8,8,5,Suspended
34,2025,781,59,45,4386.830000,0.057618,22,28,12,11,1,4,4,3,Suspended
35,2021,2654,262,228,25669.820000,0.085908,38,89,41,17,1,6,8,8,Suspended
35,2023,344,26,20,1777.150000,0.058140,8,12,4,4,1,4,3,2,Restricted
35,2024,493,43,31,2454.180000,0.062880,12,20,7,7,1,6,6,1,Suspended
35,2025,80,4,3,196.990000,0.037500,6,6,1,4,0,1,2,0,Restricted
36,2021,2383,235,189,10928.630000,0.079312,35,71,28,10,1,5,6,16,Suspended
36,2022,1855,132,121,6203.150000,0.065229,27,41,22,11,0,4,6,5,Review Required
36,2023,781,44,37,1435.890000,0.047375,15,15,7,7,0,1,2,2,Review Required
36,2024,1291,67,62,1917.700000,0.048025,15,31,8,12,1,4,5,5,Suspended
36,2025,1600,107,84,3131.240000,0.052500,19,43,18,7,1,2,3,3,Suspended
37,2021,874,48,37,2119.200000,0.042334,8,18,9,5,0,1,2,2,Review Required
37,2022,816,37,32,2916.820000,0.039216,11,23,7,4,0,0,2,1,Review Required
37,2023,1621,171,127,6607.850000,0.078347,36,51,28,14,0,3,9,3,Suspended
37,2024,556,26,21,812.810000,0.037770,15,15,5,6,0,1,3,1,Review Required
37,2025,1439,142,114,10985.610000,0.079222,36,53,22,17,1,7,8,7,Suspended
38,2021,856,88,63,2918.600000,0.073598,21,33,11,8,1,5,7,5,Suspended
38,2022,960,79,69,4705.130000,0.071875,14,30,15,6,1,5,3,2,Suspended
38,2023,1861,178,143,9852.930000,0.076840,25,56,29,7,1,4,7,6,Suspended
38,2024,722,37,29,1688.510000,0.040166,7,13,5,6,0,2,3,2,Review Required
38,2025,1294,88,73,4734.080000,0.056414,19,26,8,5,0,2,2,4,Review Required
39,2021,901,72,63,6358.760000,0.069922,18,34,11,10,0,2,6,2,Review Required
39,2022,402,30,23,1916.210000,0.057214,9,11,7,6,1,6,3,2,Suspended
39,2024,1168,112,94,10694.740000,0.080479,24,34,13,9,1,5,6,6,Suspended
39,2025,1707,165,146,6059.010000,0.085530,28,56,21,17,1,6,9,8,Suspended
40,2021,1231,138,109,6176.140000,0.088546,28,44,15,12,1,4,6,5,Suspended
40,2022,1342,133,123,9593.880000,0.091654,23,44,17,9,1,4,6,8,Suspended
40,2023,831,69,65,3623.070000,0.078219,9,22,15,5,1,4,4,5,Suspended
40,2024,859,48,38,2955.940000,0.044237,16,18,9,9,1,2,2,1,Suspended
40,2025,1175,103,85,8958.890000,0.072340,24,39,21,11,1,4,9,2,Suspended
41,2021,483,44,37,1427.600000,0.076605,18,20,6,7,1,5,4,2,Suspended
41,2022,1432,118,109,6570.590000,0.076117,22,45,19,8,1,6,5,7,Suspended
41,2023,218,11,9,623.830000,0.041284,11,11,2,3,0,0,2,0,Restricted
41,2024,1781,112,92,5141.790000,0.051656,30,41,14,17,0,4,7,3,Review Required
41,2025,440,49,45,4269.470000,0.102273,17,21,11,8,0,1,4,3,Suspended
42,2021,296,25,19,837.730000,0.064189,18,18,6,7,1,3,6,2,Suspended
42,2022,1359,81,59,5107.780000,0.043414,8,29,7,7,0,2,2,3,Review Required
42,2023,985,82,69,7629.300000,0.070051,13,31,10,6,1,5,5,4,Suspended
42,2024,745,53,46,2766.770000,0.061745,14,21,6,9,1,4,5,1,Suspended
42,2025,943,61,59,4527.210000,0.062566,9,24,12,7,1,4,5,3,Suspended
43,2021,857,44,41,2727.470000,0.047841,20,20,9,7,0,1,4,2,Review Required
43,2022,651,29,23,608.050000,0.035330,16,16,3,4,0,1,3,1,Review Required
43,2023,903,49,39,2995.450000,0.043189,11,22,5,10,1,5,4,4,Suspended
43,2024,415,32,26,2153.720000,0.062651,12,20,5,6,0,1,3,1,Restricted
43,2025,1159,81,59,2323.600000,0.050906,10,37,14,4,0,1,1,2,Restricted
44,2021,553,27,22,1342.540000,0.039783,15,18,3,5,0,1,3,1,Review Required
44,2022,1563,163,134,12990.590000,0.085733,34,52,17,17,0,3,7,11,Restricted
44,2023,610,22,17,695.270000,0.027869,11,11,4,5,0,1,2,1,Review Required
44,2024,544,44,40,1780.400000,0.073529,18,24,10,10,1,4,5,2,Suspended
44,2025,895,63,46,4349.170000,0.051397,14,30,8,8,0,1,2,2,Restricted
45,2021,903,43,36,1625.130000,0.039867,9,24,6,6,0,2,2,1,Review Required
45,2022,1254,76,64,5874.370000,0.051037,21,29,12,14,0,2,5,4,Review Required
45,2023,1779,92,76,4038.470000,0.042721,12,36,7,5,0,1,2,5,Review Required
45,2024,1117,62,46,1406.230000,0.041182,23,28,10,10,1,4,4,3,Suspended
45,2025,677,28,25,877.020000,0.036928,5,11,5,2,1,2,2,1,Review Required
46,2021,1026,112,98,10643.630000,0.095517,25,40,19,13,1,6,8,4,Suspended
46,2022,1091,84,65,5083.190000,0.059578,17,33,9,8,1,4,6,5,Suspended
46,2023,612,26,22,1076.150000,0.035948,6,20,5,2,1,2,1,1,Watchlist
46,2024,617,34,26,1002.680000,0.042139,17,19,6,6,0,2,5,2,Review Required
46,2025,707,66,49,2997.070000,0.069307,19,26,11,8,1,5,7,3,Suspended
47,2021,1287,89,77,3960.480000,0.059829,18,29,10,9,0,3,4,3,Review Required
47,2022,1088,56,41,3599.930000,0.037684,10,24,7,8,0,3,5,2,Review Required
47,2023,2614,262,191,18818.820000,0.073068,36,83,34,22,1,8,12,13,Suspended
47,2024,2029,197,177,14862.300000,0.087235,34,67,18,13,1,5,8,5,Suspended
47,2025,877,68,61,2671.060000,0.069555,17,31,13,5,1,3,4,3,Suspended
48,2021,702,74,66,3357.700000,0.094017,17,26,11,9,1,5,6,6,Suspended
48,2022,468,30,28,1313.880000,0.059829,11,15,5,5,1,5,3,2,Suspended
48,2023,537,40,37,2032.100000,0.068901,16,19,7,5,1,5,5,1,Suspended
48,2024,608,58,51,5216.000000,0.083882,18,26,7,9,1,5,6,2,Suspended
48,2025,1408,105,83,5370.770000,0.058949,11,37,14,5,1,4,4,6,Suspended
49,2021,2373,254,243,19407.950000,0.102402,44,83,56,15,1,5,10,14,Suspended
49,2022,1105,80,69,6181.460000,0.062443,11,27,8,4,1,4,4,5,Suspended
49,2023,1110,106,96,6230.630000,0.086486,30,36,10,15,1,7,5,5,Suspended
49,2024,1661,161,135,11874.480000,0.081276,31,53,20,14,1,7,8,7,Suspended
49,2025,215,20,16,1791.040000,0.074419,13,13,6,6,1,3,4,1,Suspended
50,2021,995,86,67,4841.600000,0.067337,20,29,10,6,0,2,2,3,Review Required
50,2022,1267,124,112,5768.550000,0.088398,40,45,26,17,1,7,10,10,Suspended
50,2023,761,45,33,2301.790000,0.043364,20,20,7,7,0,1,3,1,Review Required
50,2024,130,10,8,398.780000,0.061538,9,9,3,6,1,6,4,1,Suspended
50,2025,1320,73,60,2681.780000,0.045455,22,34,13,11,1,2,6,5,Suspended
51,2021,450,22,21,1280.440000,0.046667,8,14,5,4,1,1,2,1,Restricted
51,2022,1244,99,72,5206.470000,0.057878,15,36,10,8,1,5,6,6,Suspended
51,2023,1780,104,90,6471.190000,0.050562,30,40,13,13,0,4,7,5,Restricted
51,2024,1246,109,94,6908.620000,0.075441,22,42,12,12,1,5,7,6,Suspended
51,2025,1861,188,164,6447.140000,0.088125,23,54,28,13,1,4,7,8,Suspended
52,2021,1114,54,40,1113.030000,0.035907,26,26,5,8,0,2,6,3,Review Required
52,2022,769,47,37,2225.450000,0.048114,20,21,8,10,0,2,4,2,Review Required
52,2023,687,66,55,3993.650000,0.080058,23,23,12,8,1,5,6,4,Suspended
52,2024,2555,269,231,24837.490000,0.090411,32,84,35,19,1,10,8,14,Suspended
52,2025,2054,207,188,14013.560000,0.091529,18,66,20,10,1,4,5,4,Suspended
53,2021,558,49,41,3864.450000,0.073477,22,25,10,9,1,6,6,2,Suspended
53,2022,508,44,38,2187.160000,0.074803,8,18,10,3,1,3,4,2,Suspended
53,2023,705,51,45,3242.240000,0.063830,9,26,8,3,1,3,4,2,Restricted
53,2024,1719,154,124,10715.340000,0.072135,27,46,15,10,1,6,6,6,Suspended
53,2025,630,57,47,4148.660000,0.074603,22,23,6,10,1,6,8,2,Suspended
54,2021,1177,115,103,9836.890000,0.087511,31,35,16,15,1,6,7,4,Suspended
54,2022,1573,105,76,3077.750000,0.048315,45,45,17,23,1,7,9,6,Suspended
54,2023,1799,185,144,11074.300000,0.080044,41,60,33,12,1,7,6,10,Suspended
54,2024,645,34,27,1584.800000,0.041860,17,19,5,6,0,1,3,2,Review Required
54,2025,516,39,32,3344.170000,0.062016,15,19,9,9,1,6,6,2,Suspended
55,2021,2177,210,178,6917.920000,0.081764,34,68,29,13,1,4,7,5,Suspended
55,2022,275,14,13,996.210000,0.047273,8,8,3,4,0,1,1,1,Review Required
55,2023,1116,99,83,3507.600000,0.074373,22,33,15,12,1,6,6,4,Suspended
55,2024,1354,80,74,2951.300000,0.054653,20,35,7,6,0,1,3,2,Review Required
55,2025,2864,322,245,22227.630000,0.085545,66,97,40,32,1,13,23,12,Suspended
56,2021,1136,89,81,7437.660000,0.071303,31,31,10,10,0,3,6,2,Review Required
56,2022,1088,47,39,1090.320000,0.035846,7,21,8,5,0,2,2,2,Restricted
56,2023,1085,54,41,2779.910000,0.037788,22,28,9,7,1,4,4,4,Suspended
56,2024,612,32,25,1035.300000,0.040850,17,17,6,6,0,2,3,1,Restricted
57,2021,304,8,8,259.050000,0.026316,4,8,1,2,0,1,1,1,Watchlist
57,2022,2062,162,131,6534.830000,0.063531,31,52,29,10,0,2,5,10,Review Required
57,2023,787,49,37,3637.130000,0.047014,10,20,6,5,1,4,4,3,Suspended
57,2024,391,38,33,3377.700000,0.084399,8,18,8,4,1,4,3,3,Restricted
57,2025,1018,86,63,4801.780000,0.061886,21,33,14,9,1,5,7,4,Suspended
58,2021,777,67,60,6268.100000,0.077220,23,23,11,11,0,2,5,4,Restricted
58,2022,1061,52,43,2148.160000,0.040528,24,26,10,11,1,6,7,3,Suspended
58,2023,536,46,35,2828.410000,0.065299,14,22,6,10,1,7,7,3,Suspended
58,2024,1367,116,102,6078.700000,0.074616,12,41,17,6,1,5,5,9,Suspended
58,2025,488,17,16,961.530000,0.032787,4,17,3,4,1,3,3,2,Restricted
59,2021,824,66,53,3803.380000,0.064320,17,25,7,8,1,5,5,3,Suspended
59,2022,1528,79,63,2379.420000,0.041230,15,30,8,6,0,2,3,5,Review Required
59,2023,1046,93,82,7175.160000,0.078394,14,29,9,6,1,4,4,4,Suspended
59,2024,197,7,7,380.420000,0.035533,6,6,2,2,1,4,3,2,Review Required
59,2025,412,32,27,2882.470000,0.065534,15,18,7,8,1,5,6,1,Suspended
60,2021,1133,98,93,5615.410000,0.082083,19,37,16,14,1,5,8,8,Suspended
60,2022,588,31,25,1261.480000,0.042517,15,21,6,5,0,1,3,2,Review Required
60,2023,641,30,22,904.040000,0.034321,9,19,6,3,0,1,2,1,Review Required
60,2024,1063,89,72,5845.790000,0.067733,18,38,17,9,1,3,5,6,Suspended
60,2025,1295,112,94,8530.990000,0.072587,22,36,13,16,1,7,10,6,Suspended
61,2021,1986,137,126,5589.600000,0.063444,17,47,27,8,1,3,5,8,Suspended
61,2022,248,7,5,402.070000,0.020161,3,12,1,2,0,0,0,0,Watchlist
61,2023,610,31,29,1043.050000,0.047541,12,14,4,10,0,3,4,1,Review Required
61,2024,1481,168,140,9353.260000,0.094531,25,54,31,13,0,3,6,10,Review Required
61,2025,900,64,47,4145.020000,0.052222,25,25,11,11,1,4,5,2,Suspended
62,2021,2824,227,214,10655.510000,0.075779,51,69,29,12,0,5,6,14,Review Required
62,2022,410,35,25,1324.530000,0.060976,13,13,7,7,0,1,4,1,Restricted
62,2023,113,11,9,513.790000,0.079646,11,11,5,4,1,3,3,1,Restricted
62,2024,1390,96,92,6211.990000,0.066187,38,38,20,13,1,7,8,5,Suspended
62,2025,983,56,42,2609.470000,0.042726,28,28,10,18,1,9,12,4,Suspended
63,2021,909,46,36,3138.550000,0.039604,15,20,6,7,0,2,3,2,Restricted
63,2022,475,22,16,1287.060000,0.033684,21,21,4,5,1,3,4,1,Suspended
63,2023,1926,212,196,17109.480000,0.101765,67,67,31,32,1,8,11,15,Suspended
63,2024,1336,123,110,8661.510000,0.082335,22,47,22,15,1,6,7,10,Suspended
63,2025,688,61,44,1880.300000,0.063953,27,27,11,7,0,1,3,3,Review Required
64,2021,589,58,43,2662.530000,0.073005,16,16,8,8,1,4,4,3,Suspended
64,2022,808,45,33,2594.040000,0.040842,11,19,7,5,0,1,3,2,Review Required
64,2023,1767,182,149,8459.070000,0.084324,41,51,32,11,1,6,7,9,Suspended
64,2024,445,24,18,1051.610000,0.040449,9,13,4,3,1,4,3,2,Restricted
64,2025,1328,91,82,5313.320000,0.061747,30,35,14,12,1,4,6,6,Suspended
65,2021,2790,259,227,12955.700000,0.081362,50,78,24,16,0,6,9,5,Review Required
65,2022,316,27,24,1172.910000,0.075949,14,17,6,6,0,1,3,1,Suspended
65,2023,1824,106,80,2914.160000,0.043860,17,43,13,9,0,3,4,5,Review Required
65,2024,638,60,47,3329.970000,0.073668,17,19,12,9,1,4,6,4,Suspended
65,2025,914,50,40,3233.210000,0.043764,6,15,9,3,0,1,2,2,Review Required
66,2021,526,30,22,2061.150000,0.041825,18,18,6,6,0,1,3,2,Review Required
66,2023,388,15,12,298.330000,0.030928,2,14,3,3,1,2,2,1,Restricted
66,2024,987,100,90,6731.540000,0.091185,16,29,18,10,0,1,4,3,Suspended
67,2022,1529,101,93,7685.200000,0.060824,29,34,15,14,0,4,6,3,Review Required
67,2023,582,27,26,2564.470000,0.044674,12,17,6,7,0,2,3,1,Review Required
67,2024,1359,87,72,7231.030000,0.052980,23,34,8,14,0,5,5,5,Review Required
67,2025,1040,87,71,4753.040000,0.068269,14,29,10,8,0,2,2,3,Review Required
68,2021,2018,204,183,11022.220000,0.090684,23,60,26,12,0,5,7,4,Restricted
68,2022,425,42,34,3950.640000,0.080000,15,19,7,6,1,5,3,1,Suspended
68,2023,686,75,67,7603.410000,0.097668,19,30,14,11,1,5,8,4,Suspended
68,2024,893,76,57,3265.750000,0.063830,22,28,13,14,0,5,6,3,Suspended
68,2025,1050,59,55,2463.420000,0.052381,20,27,8,17,0,5,7,1,Review Required
69,2021,1368,117,103,9506.140000,0.075292,24,45,24,14,1,6,8,6,Suspended
69,2022,885,55,44,3699.240000,0.049718,16,26,8,5,1,3,3,3,Suspended
69,2023,1542,134,99,9993.890000,0.064202,18,46,14,12,1,4,7,6,Suspended
69,2024,1270,125,105,11444.190000,0.082677,32,43,17,18,1,5,5,5,Suspended
69,2025,1155,114,99,8049.580000,0.085714,28,39,23,15,1,5,9,2,Suspended
70,2022,515,46,34,3051.920000,0.066019,25,25,6,8,1,4,4,3,Suspended
70,2023,1070,98,86,7498.620000,0.080374,19,40,20,8,1,5,5,2,Suspended
70,2024,216,11,10,1000.530000,0.046296,9,9,3,5,0,2,2,0,Review Required
70,2025,1222,115,89,7792.710000,0.072831,24,37,17,12,1,4,5,4,Suspended
71,2021,766,40,34,1393.630000,0.044386,7,21,4,2,0,1,2,2,Restricted
71,2022,1023,96,83,7574.290000,0.081134,31,34,17,12,1,3,8,6,Suspended
71,2024,844,54,43,2079.110000,0.050948,13,22,7,7,1,5,4,5,Suspended
71,2025,555,32,29,2581.990000,0.052252,17,17,5,8,0,1,3,2,Restricted
72,2021,395,33,31,2065.550000,0.078481,15,19,9,5,1,4,3,2,Suspended
72,2022,694,54,41,3658.480000,0.059078,13,24,9,6,1,4,3,5,Suspended
72,2023,894,54,47,4664.160000,0.052573,32,32,7,11,0,4,6,3,Review Required
72,2024,570,38,35,2073.230000,0.061404,18,18,6,9,1,4,5,3,Suspended
72,2025,375,32,29,1816.140000,0.077333,11,11,4,6,0,1,2,2,Review Required
73,2021,655,50,44,4049.310000,0.067176,21,22,8,8,1,4,6,3,Suspended
73,2023,455,43,33,2711.600000,0.072527,26,26,8,13,1,5,4,2,Suspended
73,2024,362,14,10,669.170000,0.027624,3,13,2,3,0,0,2,0,Restricted
73,2025,787,70,51,4545.140000,0.064803,16,25,12,9,1,5,5,3,Suspended
74,2021,369,19,17,1315.930000,0.046070,15,15,3,5,0,2,2,0,Review Required
74,2022,731,53,43,3190.670000,0.058824,13,22,8,5,1,4,5,3,Suspended
74,2023,695,56,50,5215.500000,0.071942,17,21,10,12,1,4,5,3,Suspended
74,2024,456,24,19,1173.650000,0.041667,12,12,4,3,0,1,2,1,Review Required
74,2025,914,47,44,3826.680000,0.048140,12,23,8,7,0,2,4,3,Restricted
75,2021,562,28,24,2428.860000,0.042705,16,18,5,7,0,2,4,1,Restricted
75,2022,2308,189,162,8617.090000,0.070191,25,73,18,15,1,4,9,9,Suspended
75,2024,80,7,6,249.770000,0.075000,11,11,4,6,1,4,3,1,Suspended
75,2025,1342,134,107,4575.510000,0.079732,23,43,16,14,1,6,6,7,Suspended
76,2021,2339,171,126,9015.790000,0.053869,46,64,19,18,0,3,8,8,Review Required
76,2022,874,54,42,4358.160000,0.048055,21,27,9,11,0,4,4,2,Suspended
76,2023,1281,124,107,11240.780000,0.083528,33,41,21,18,1,5,8,3,Suspended
76,2024,387,11,10,947.460000,0.025840,3,12,2,1,0,0,1,1,Watchlist
76,2025,372,26,22,2312.700000,0.059140,18,18,7,8,1,7,4,2,Suspended
77,2021,1321,86,79,4487.670000,0.059803,12,34,15,4,0,2,1,6,Review Required
77,2022,415,32,29,1559.540000,0.069880,14,14,5,8,0,1,4,2,Restricted
77,2023,1944,125,110,8151.460000,0.056584,19,42,11,11,0,2,4,9,Review Required
77,2024,193,15,12,1285.210000,0.062176,13,14,3,6,1,4,4,3,Suspended
78,2021,1530,102,84,2728.150000,0.054902,24,35,15,9,0,4,3,3,Review Required
78,2022,1664,187,161,14709.050000,0.096755,37,55,18,15,1,6,12,11,Suspended
78,2023,573,38,28,1016.420000,0.048866,15,22,4,6,1,4,2,1,Suspended
78,2024,759,46,36,2681.630000,0.047431,19,19,6,10,0,3,6,1,Restricted
78,2025,612,44,40,2024.410000,0.065359,18,22,7,7,1,5,4,2,Suspended
79,2021,1072,76,69,2897.010000,0.064366,22,26,11,7,0,2,4,3,Restricted
79,2022,1907,211,169,15928.430000,0.088621,37,69,31,13,1,7,7,11,Suspended
79,2024,81,6,5,423.650000,0.061728,8,9,3,3,0,0,2,0,Restricted
79,2025,772,48,43,1430.960000,0.055699,15,18,6,15,0,3,3,3,Review Required
80,2021,440,20,15,1437.250000,0.034091,5,9,4,3,0,1,2,0,Review Required
80,2022,955,58,47,3613.660000,0.049215,37,37,6,14,0,4,5,3,Review Required
80,2023,749,39,29,1891.160000,0.038718,13,15,6,7,0,2,3,2,Review Required
80,2024,107,9,8,663.750000,0.074766,8,8,3,5,1,5,3,1,Suspended
80,2025,726,38,33,2114.320000,0.045455,16,18,6,6,1,2,2,1,Suspended
81,2021,222,19,17,1839.250000,0.076577,12,12,4,5,1,5,4,3,Suspended
81,2022,951,82,77,2809.430000,0.080967,17,32,17,8,1,5,5,3,Suspended
81,2023,258,10,8,671.930000,0.031008,12,12,2,6,0,1,2,0,Review Required
81,2024,438,24,17,1496.690000,0.038813,15,15,3,7,0,2,2,1,Review Required
81,2025,1365,134,116,10072.270000,0.084982,43,49,15,15,1,4,10,3,Suspended
82,2021,1079,60,50,2082.530000,0.046339,9,29,7,5,1,1,2,2,Suspended
82,2022,1440,81,60,6138.520000,0.041667,26,29,8,9,0,2,6,4,Restricted
82,2023,292,24,20,2014.530000,0.068493,9,17,6,5,1,5,5,2,Suspended
82,2024,650,43,34,3496.230000,0.052308,17,20,9,5,1,4,4,3,Suspended
82,2025,1465,127,98,7276.420000,0.066894,35,43,24,8,1,4,6,5,Suspended
83,2021,492,41,37,3815.660000,0.075203,9,13,6,6,1,5,4,3,Suspended
83,2022,686,49,35,1497.160000,0.051020,16,22,7,6,0,2,4,2,Suspended
83,2023,587,60,52,4947.550000,0.088586,20,21,9,6,1,5,5,2,Suspended
83,2024,1395,111,98,5300.060000,0.070251,32,45,21,9,1,7,6,4,Suspended
83,2025,1895,185,149,8284.830000,0.078628,41,61,23,20,1,9,7,7,Suspended
84,2021,579,29,28,2580.820000,0.048359,12,20,6,11,0,3,4,2,Review Required
84,2022,908,42,36,2582.300000,0.039648,12,22,5,7,0,1,3,2,Review Required
84,2023,365,31,23,1246.750000,0.063014,12,19,6,8,1,3,4,2,Suspended
84,2024,563,34,27,1258.500000,0.047957,17,20,6,6,0,2,3,1,Review Required
84,2025,1041,111,84,4896.470000,0.080692,23,38,19,18,1,6,9,3,Suspended
85,2021,379,17,13,1100.290000,0.034301,6,16,3,3,0,1,2,0,Review Required
85,2022,316,15,13,464.970000,0.041139,3,7,3,1,0,0,0,0,Watchlist
85,2023,919,50,47,4719.020000,0.051143,26,26,8,10,0,2,6,1,Review Required
85,2024,1196,108,91,6808.590000,0.076087,23,39,18,12,0,2,6,6,Suspended
85,2025,498,38,30,2386.640000,0.060241,8,20,4,3,1,3,3,2,Restricted
86,2021,707,62,59,5279.710000,0.083451,16,23,10,9,0,1,4,4,Suspended
86,2022,1576,163,149,5914.360000,0.094543,22,52,25,15,0,2,5,11,Restricted
86,2023,1559,130,99,9656.850000,0.063502,25,53,16,15,1,7,7,5,Suspended
86,2024,156,7,5,422.910000,0.032051,5,9,2,2,0,0,1,0,Watchlist
86,2025,479,26,25,2219.590000,0.052192,13,15,4,3,0,1,2,2,Review Required
87,2021,1478,123,109,10962.520000,0.073748,22,46,21,11,1,5,8,5,Suspended
87,2022,589,48,42,2817.960000,0.071307,16,16,8,8,0,3,6,1,Suspended
87,2023,777,83,70,3585.120000,0.090090,23,26,15,9,1,7,6,2,Suspended
87,2024,332,33,29,1566.390000,0.087349,27,27,8,8,1,5,4,2,Suspended
87,2025,870,54,49,3629.650000,0.056322,14,20,10,7,0,2,4,1,Restricted
88,2021,842,56,50,1892.580000,0.059382,12,25,12,7,1,3,6,3,Suspended
88,2022,836,77,60,4142.340000,0.071770,20,28,8,11,0,3,4,4,Restricted
88,2023,853,46,34,3459.020000,0.039859,14,18,7,6,0,1,3,2,Review Required
88,2024,416,15,11,640.120000,0.026442,7,15,2,5,0,1,3,0,Review Required
88,2025,1139,65,60,3653.300000,0.052678,16,31,11,13,0,4,3,2,Review Required
89,2021,844,69,50,4526.750000,0.059242,15,27,13,6,1,4,3,2,Suspended
89,2022,1025,104,99,8867.250000,0.096585,25,31,14,12,1,7,8,7,Suspended
89,2023,260,10,9,480.600000,0.034615,7,7,2,5,0,1,2,1,Review Required
89,2024,765,57,49,2047.670000,0.064052,20,27,11,10,0,1,6,3,Restricted
89,2025,858,63,57,6280.950000,0.066434,18,24,11,5,1,4,3,5,Suspended
90,2021,978,84,68,5380.260000,0.069530,25,35,8,10,0,3,5,4,Restricted
90,2022,770,41,32,1118.980000,0.041558,12,16,4,4,0,2,2,2,Review Required
90,2023,405,22,18,581.510000,0.044444,8,11,4,4,1,4,3,3,Restricted
90,2024,1390,85,81,5303.800000,0.058273,15,37,9,7,1,3,4,5,Suspended
90,2025,1819,116,110,6672.310000,0.060473,21,48,13,17,0,6,8,6,Review Required
91,2021,234,20,16,970.130000,0.068376,9,15,4,4,0,1,3,0,Restricted
91,2022,576,53,51,4703.480000,0.088542,18,22,11,7,0,2,3,4,Restricted
91,2023,80,8,7,428.790000,0.087500,11,11,3,7,1,4,5,1,Suspended
91,2024,1217,64,54,5647.250000,0.044371,14,29,8,6,0,2,4,3,Review Required
91,2025,226,23,20,1781.770000,0.088496,17,17,7,6,1,3,5,2,Suspended
92,2021,1822,153,130,12625.260000,0.071350,15,53,18,7,0,2,4,9,Restricted
92,2022,1197,99,80,6699.570000,0.066834,17,34,9,10,1,4,5,3,Suspended
92,2023,1310,99,77,4908.860000,0.058779,26,35,10,19,1,7,7,5,Suspended
92,2024,598,29,24,2070.170000,0.040134,19,19,4,7,0,1,4,1,Review Required
92,2025,80,8,7,475.940000,0.087500,12,12,3,5,1,4,4,1,Suspended
93,2021,935,95,74,3842.360000,0.079144,19,30,16,10,1,6,5,5,Suspended
93,2022,118,11,10,560.270000,0.084746,13,13,5,8,1,3,4,1,Suspended
93,2023,1353,77,67,3495.820000,0.049520,19,29,10,11,0,1,5,3,Review Required
93,2024,666,67,54,3361.170000,0.081081,18,19,11,13,1,6,7,4,Suspended
93,2025,344,24,22,975.500000,0.063953,16,18,6,6,1,4,3,2,Suspended
94,2021,369,32,27,1591.930000,0.073171,23,23,8,11,0,3,4,2,Restricted
94,2022,622,56,42,1704.090000,0.067524,16,24,10,8,1,5,5,3,Suspended
94,2023,531,22,17,729.530000,0.032015,8,18,4,3,0,1,2,1,Restricted
94,2024,294,23,21,2284.830000,0.071429,12,16,6,5,1,5,5,1,Suspended
94,2025,701,29,25,1239.080000,0.035663,3,19,6,2,0,0,1,2,Watchlist
95,2021,710,67,62,5433.420000,0.087324,25,28,9,9,1,6,5,4,Suspended
95,2022,1091,46,43,1753.300000,0.039413,11,26,8,3,0,0,1,1,Review Required
95,2023,676,37,33,2982.380000,0.048817,13,16,4,7,0,2,2,2,Restricted
95,2024,455,37,33,2124.950000,0.072527,19,19,7,8,1,4,4,2,Suspended
95,2025,483,40,34,3461.370000,0.070393,18,22,5,10,1,6,7,3,Suspended
96,2021,588,21,20,1045.730000,0.034014,12,12,5,7,1,2,3,1,Suspended
96,2022,409,17,13,1242.780000,0.031785,7,16,3,4,1,3,3,2,Restricted
96,2023,1070,88,76,8557.040000,0.071028,18,31,19,7,1,4,5,5,Suspended
96,2024,810,64,54,4156.210000,0.066667,16,29,9,7,1,4,5,3,Suspended
96,2025,1208,117,110,4656.310000,0.091060,19,41,24,11,1,4,8,8,Suspended
97,2021,1188,115,93,3844.360000,0.078283,35,37,19,14,1,8,6,3,Suspended
97,2022,337,27,24,2271.970000,0.071217,15,15,5,5,1,5,5,2,Suspended
97,2023,170,15,14,1114.640000,0.082353,16,16,4,7,1,6,6,2,Suspended
97,2024,1033,101,86,8953.680000,0.083253,31,34,13,13,0,2,5,2,Suspended
97,2025,713,66,56,2556.590000,0.078541,19,29,9,8,1,4,6,4,Suspended
98,2021,1355,53,43,2073.550000,0.031734,14,25,9,9,0,3,4,3,Review Required
98,2022,323,12,11,488.520000,0.034056,6,9,3,2,0,1,1,1,Watchlist
98,2023,457,41,33,3184.110000,0.072210,17,17,9,8,1,5,3,1,Suspended
98,2024,1511,141,131,10953.710000,0.086698,37,53,15,9,1,5,5,6,Suspended
98,2025,1588,63,59,4434.460000,0.037154,9,27,10,4,0,1,2,4,Review Required
99,2021,426,20,16,1488.410000,0.037559,6,13,4,3,0,1,1,1,Review Required
99,2022,428,29,24,2014.680000,0.056075,11,15,4,4,0,2,4,2,Suspended
99,2023,174,13,9,421.100000,0.051724,11,11,3,6,1,6,4,2,Suspended
99,2024,1653,175,153,7777.680000,0.092559,29,58,22,22,0,6,10,11,Suspended
99,2025,315,19,16,1081.240000,0.050794,11,11,4,4,0,1,4,1,Suspended
100,2021,209,10,9,726.140000,0.043062,6,6,2,3,0,0,1,0,Review Required
100,2022,1046,93,69,3599.750000,0.065966,26,30,13,7,1,5,6,5,Suspended
100,2023,1110,72,64,5043.080000,0.057658,20,26,10,10,0,3,4,4,Review Required
100,2025,1277,141,116,7559.220000,0.090838,36,50,26,21,0,3,9,8,Restricted
